{
  "users": [
    {
      "id": "1",
      "name": "Samir Singhaniya",
      "email": "samirsinghaniya09@gmail.com",
      "phone": "2323244344"
    },
    {
      "id": "2",
      "name": "Radha Lathiya",
      "email": "radha@gmail.com",
      "phone": "1234567890"
    },
    {
      "id": "3",
      "name": "Hit Budheliya",
      "email": "hit@gmail.com",
      "phone": "9876543210"
    },
    {
      "id": "4",
      "name": "Dada Domadiya",
      "email": "dada@gmail.com",
      "phone": "4567890123"
    },
    {
      "id": "5",
      "name": "Riya Monapra",
      "email": "riya@gmail.com",
      "phone": "3456789011"
    },
    {
      "id": "6",
      "name": "Parth Patel",
      "email": "pp@gmail.com",
      "phone": "3453546455"
    },
    {
      "id": "7",
      "name": "Prem Malhotra",
      "email": "pm@gmail.com",
      "phone": "7865439087"
    },
    {
      "id": "8",
      "name": "Ram Ramani",
      "email": "rr@gmail.com",
      "phone": "9876543111"
    },
    {
      "id": "9",
      "name": "Jay Jadeja",
      "email": "jj@gmail.com",
      "phone": "9098979695"
    },
    {
      "id": "10",
      "name": "Raj Virani",
      "email": "rv@gmail.com",
      "phone": "1234545342"
    },
    {
      "id": "11",
      "name": "Dhruvil Patoliya",
      "email": "dp@gmail.com",
      "phone": "5656565890"
    }
  ]
}